<?xml version="1.0" encoding="utf-8" ?>
<extension type="plugin" version="3.9" group="system" method="upgrade">
    <name>plg_system_contentcustomfilter</name>
    <author>Alexandre ELISÉ</author>
    <creationDate>2021-03-03</creationDate>
    <copyright>Copyright (C) 2009 - 2021 Alexandre ELISÉ. All rights reserved.</copyright>
    <license>GNU General Public License version 2 or later; see LICENSE.txt</license>
    <authorEmail>contact@alexandre-elise.fr</authorEmail>
    <authorUrl>https://coderparlerpartager.fr</authorUrl>
    <version>1.0.0</version>
    <description>System - Content Custom Filter. Custom fields filter plugin using Joomla! core features.</description>
    <scriptfile>script.php</scriptfile>
    <media folder="media" destination="plg_system_contentcustomfilter">
        <folder>css</folder>
        <folder>images</folder>
        <folder>js</folder>
    </media>
    <files>
        <filename plugin="contentcustomfilter">contentcustomfilter.php</filename>
        <filename>helper.php</filename>
        <filename>script.php</filename>
        <filename>LICENSE</filename>
        <folder>media</folder>
    </files>
</extension>
